rproj_fit_mult,vproj_fit_mult,vproj_fit_offset,gd_rproj_fit_mult,gd_vproj_fit_mult,gd_vproj_fit_offset,mu_HME,mu_HME_dyn,mu_HME_HAMngt7,P_G,C_G,P_H,C_H,mu_HME_dw,P_G_dw,C_G_dw,P_H_dw,C_H_dw,P_G_dwgt1,C_G_dwgt1,P_H_dwgt1,C_H_dwgt1,mu_HME_dwgt1,n_dwgroups,n_Ngt1dwgroups
3,4,200,1,1,0,0.16100000000000136,0.3420153021630324,0.22199999999999953,0.989588434256075,0.8959929310639411,0.9348515644796743,0.9581077696482446,0.1620000000000008,0.999342115156163,0.897378177311143,0.9926382948276711,0.9457728906110626,0.9376780626780626,0.9380341880341881,0.8125,0.9496527777777777,0.18951346727726678,7389,78
3,4,200,1,1,100,0.1609999999999996,0.3420153021630324,0.22199999999999953,0.9895296807441044,0.901049109231146,0.9348515644796743,0.9609927749942607,0.1623783668193168,0.9993373621713316,0.9038614165965152,0.9926382948276711,0.9495929452878833,0.9626068376068376,0.9615384615384616,0.8783783783783784,0.9662162162162162,0.18125673363863254,7336,130
3,4,200,1,1,200,0.1609999999999996,0.3420153021630324,0.22199999999999953,0.9895296807441044,0.901049109231146,0.9348515644796743,0.9609927749942607,0.1623783668193168,0.9993373621713316,0.9038614165965152,0.9926382948276711,0.9495929452878833,0.9626068376068376,0.9615384615384616,0.8783783783783784,0.9662162162162162,0.18125673363863254,7336,130
3,4,200,1,1,300,0.1609999999999996,0.3420153021630324,0.22199999999999953,0.9895296807441044,0.901049109231146,0.9348515644796743,0.9609927749942607,0.1623783668193168,0.9993373621713316,0.9038614165965152,0.9926382948276711,0.9495929452878833,0.9626068376068376,0.9615384615384616,0.8783783783783784,0.9662162162162162,0.18125673363863254,7336,130
3,4,200,1,2,0,0.1609999999999996,0.3420153021630324,0.22199999999999953,0.989544153274708,0.8998036399679876,0.9348515644796743,0.9602738279751257,0.1620000000000008,0.9993385343432969,0.9022625326101559,0.9926382948276711,0.9486409827805605,0.9584520417853751,0.9572649572649573,0.8666666666666667,0.9629629629629629,0.16999999999999993,7349,117
3,4,200,1,2,100,0.1609999999999996,0.3420153021630324,0.22199999999999953,0.9895296807441044,0.901049109231146,0.9348515644796743,0.9609927749942607,0.1623783668193168,0.9993373621713316,0.9038614165965152,0.9926382948276711,0.9495929452878833,0.9626068376068376,0.9615384615384616,0.8783783783783784,0.9662162162162162,0.18125673363863254,7336,130
3,4,200,1,2,200,0.1609999999999996,0.3420153021630324,0.22199999999999953,0.9895296807441044,0.901049109231146,0.9348515644796743,0.9609927749942607,0.1623783668193168,0.9993373621713316,0.9038614165965152,0.9926382948276711,0.9495929452878833,0.9626068376068376,0.9615384615384616,0.8783783783783784,0.9662162162162162,0.18125673363863254,7336,130
3,4,200,1,2,300,0.1609999999999996,0.3420153021630324,0.22199999999999953,0.9895296807441044,0.901049109231146,0.9348515644796743,0.9609927749942607,0.1623783668193168,0.9993373621713316,0.9038614165965152,0.9926382948276711,0.9495929452878833,0.9626068376068376,0.9615384615384616,0.8783783783783784,0.9662162162162162,0.18125673363863254,7336,130
3,4,200,1,3,0,0.1609999999999996,0.3420153021630324,0.22199999999999953,0.9895307954379462,0.900953181507391,0.9348515644796743,0.9609374713774042,0.1620000000000008,0.9993374524858782,0.903738224363096,0.9926382948276711,0.9495197174027047,0.9623169681309216,0.9612403100775194,0.8775510204081632,0.9659863945578231,0.18099999999999916,7337,129
3,4,200,1,3,100,0.1609999999999996,0.3420153021630324,0.22199999999999953,0.9895296807441044,0.901049109231146,0.9348515644796743,0.9609927749942607,0.1623783668193168,0.9993373621713316,0.9038614165965152,0.9926382948276711,0.9495929452878833,0.9626068376068376,0.9615384615384616,0.8783783783783784,0.9662162162162162,0.18125673363863254,7336,130
3,4,200,1,3,200,0.1609999999999996,0.3420153021630324,0.22199999999999953,0.9895296807441044,0.901049109231146,0.9348515644796743,0.9609927749942607,0.1623783668193168,0.9993373621713316,0.9038614165965152,0.9926382948276711,0.9495929452878833,0.9626068376068376,0.9615384615384616,0.8783783783783784,0.9662162162162162,0.18125673363863254,7336,130
3,4,200,1,3,300,0.1609999999999996,0.3420153021630324,0.22199999999999953,0.9895296807441044,0.901049109231146,0.9348515644796743,0.9609927749942607,0.1623783668193168,0.9993373621713316,0.9038614165965152,0.9926382948276711,0.9495929452878833,0.9626068376068376,0.9615384615384616,0.8783783783783784,0.9662162162162162,0.18125673363863254,7336,130
3,4,200,1,4,0,0.1609999999999996,0.3420153021630324,0.22199999999999953,0.9895296807441044,0.901049109231146,0.9348515644796743,0.9609927749942607,0.1623783668193168,0.9993373621713316,0.9038614165965152,0.9926382948276711,0.9495929452878833,0.9626068376068376,0.9615384615384616,0.8783783783783784,0.9662162162162162,0.18125673363863254,7336,130
3,4,200,1,4,100,0.1609999999999996,0.3420153021630324,0.22199999999999953,0.9895296807441044,0.901049109231146,0.9348515644796743,0.9609927749942607,0.1623783668193168,0.9993373621713316,0.9038614165965152,0.9926382948276711,0.9495929452878833,0.9626068376068376,0.9615384615384616,0.8783783783783784,0.9662162162162162,0.18125673363863254,7336,130
3,4,200,1,4,200,0.1609999999999996,0.3420153021630324,0.22199999999999953,0.9895296807441044,0.901049109231146,0.9348515644796743,0.9609927749942607,0.1623783668193168,0.9993373621713316,0.9038614165965152,0.9926382948276711,0.9495929452878833,0.9626068376068376,0.9615384615384616,0.8783783783783784,0.9662162162162162,0.18125673363863254,7336,130
3,4,200,1,4,300,0.1609999999999996,0.3420153021630324,0.22199999999999953,0.9895296807441044,0.901049109231146,0.9348515644796743,0.9609927749942607,0.1623783668193168,0.9993373621713316,0.9038614165965152,0.9926382948276711,0.9495929452878833,0.9626068376068376,0.9615384615384616,0.8783783783783784,0.9662162162162162,0.18125673363863254,7336,130
3,4,200,1,5,0,0.1609999999999996,0.3420153021630324,0.22199999999999953,0.9895296807441044,0.901049109231146,0.9348515644796743,0.9609927749942607,0.1623783668193168,0.9993373621713316,0.9038614165965152,0.9926382948276711,0.9495929452878833,0.9626068376068376,0.9615384615384616,0.8783783783783784,0.9662162162162162,0.18125673363863254,7336,130
3,4,200,1,5,100,0.1609999999999996,0.3420153021630324,0.22199999999999953,0.9895296807441044,0.901049109231146,0.9348515644796743,0.9609927749942607,0.1623783668193168,0.9993373621713316,0.9038614165965152,0.9926382948276711,0.9495929452878833,0.9626068376068376,0.9615384615384616,0.8783783783783784,0.9662162162162162,0.18125673363863254,7336,130
3,4,200,1,5,200,0.1609999999999996,0.3420153021630324,0.22199999999999953,0.9895296807441044,0.901049109231146,0.9348515644796743,0.9609927749942607,0.1623783668193168,0.9993373621713316,0.9038614165965152,0.9926382948276711,0.9495929452878833,0.9626068376068376,0.9615384615384616,0.8783783783783784,0.9662162162162162,0.18125673363863254,7336,130
3,4,200,1,5,300,0.1609999999999996,0.3420153021630324,0.22199999999999953,0.9895296807441044,0.901049109231146,0.9348515644796743,0.9609927749942607,0.1623783668193168,0.9993373621713316,0.9038614165965152,0.9926382948276711,0.9495929452878833,0.9626068376068376,0.9615384615384616,0.8783783783783784,0.9662162162162162,0.18125673363863254,7336,130
3,4,200,1,6,0,0.1609999999999996,0.3420153021630324,0.22199999999999953,0.9895296807441044,0.901049109231146,0.9348515644796743,0.9609927749942607,0.1623783668193168,0.9993373621713316,0.9038614165965152,0.9926382948276711,0.9495929452878833,0.9626068376068376,0.9615384615384616,0.8783783783783784,0.9662162162162162,0.18125673363863254,7336,130
3,4,200,1,6,100,0.1609999999999996,0.3420153021630324,0.22199999999999953,0.9895296807441044,0.901049109231146,0.9348515644796743,0.9609927749942607,0.1623783668193168,0.9993373621713316,0.9038614165965152,0.9926382948276711,0.9495929452878833,0.9626068376068376,0.9615384615384616,0.8783783783783784,0.9662162162162162,0.18125673363863254,7336,130
3,4,200,1,6,200,0.1609999999999996,0.3420153021630324,0.22199999999999953,0.9895296807441044,0.901049109231146,0.9348515644796743,0.9609927749942607,0.1623783668193168,0.9993373621713316,0.9038614165965152,0.9926382948276711,0.9495929452878833,0.9626068376068376,0.9615384615384616,0.8783783783783784,0.9662162162162162,0.18125673363863254,7336,130
3,4,200,1,6,300,0.1609999999999996,0.3420153021630324,0.22199999999999953,0.9895296807441044,0.901049109231146,0.9348515644796743,0.9609927749942607,0.1623783668193168,0.9993373621713316,0.9038614165965152,0.9926382948276711,0.9495929452878833,0.9626068376068376,0.9615384615384616,0.8783783783783784,0.9662162162162162,0.18125673363863254,7336,130
3,4,200,2,1,0,0.16100000000000136,0.3420153021630324,0.22199999999999953,0.9893144580988955,0.9008150408838045,0.934512829826428,0.9607623432573587,0.16300000000000026,0.9990644789867588,0.9035624968846517,0.9921897740309518,0.9492878290996389,0.9472222222222222,0.9551282051282051,0.8552631578947368,0.9616228070175438,0.18951346727726676,7334,130
3,4,200,2,1,100,0.16100000000000136,0.3420153021630324,0.22199999999999953,0.9890249769962958,0.9112677264682535,0.9341810081252887,0.9666337439136283,0.16300000000000026,0.9988424323534388,0.9170327221586647,0.9917504067198797,0.9570621895761084,0.9650162715016272,0.9735006973500698,0.9053030303030303,0.9760101010101009,0.17300000000000004,7223,239
3,4,200,2,1,200,0.16100000000000136,0.3420153021630324,0.22199999999999953,0.9890249769962958,0.9112677264682535,0.9341810081252887,0.9666337439136283,0.16300000000000026,0.9988424323534388,0.9170327221586647,0.9917504067198797,0.9570621895761084,0.9650162715016272,0.9735006973500698,0.9053030303030303,0.9760101010101009,0.17300000000000004,7223,239
3,4,200,2,1,300,0.16100000000000136,0.3420153021630324,0.22199999999999953,0.9890249769962958,0.9112677264682535,0.9341810081252887,0.9666337439136283,0.16300000000000026,0.9988424323534388,0.9170327221586647,0.9917504067198797,0.9570621895761084,0.9650162715016272,0.9735006973500698,0.9053030303030303,0.9760101010101009,0.17300000000000004,7223,239
3,4,200,2,2,0,0.16100000000000136,0.3420153021630324,0.22199999999999953,0.9890650447276526,0.9079408605067029,0.9341810081252887,0.9647534209405059,0.16300000000000026,0.9988478557101955,0.9127363031765241,0.9917504067198797,0.9545724414800334,0.9592140921409213,0.9691056910569107,0.8913043478260869,0.9724637681159422,0.17300000000000004,7257,205
3,4,200,2,2,100,0.16100000000000136,0.3420153021630324,0.22199999999999953,0.9890249769962958,0.9112677264682535,0.9341810081252887,0.9666337439136283,0.16300000000000026,0.9988424323534388,0.9170327221586647,0.9917504067198797,0.9570621895761084,0.9650162715016272,0.9735006973500698,0.9053030303030303,0.9760101010101009,0.17300000000000004,7223,239
3,4,200,2,2,200,0.16100000000000136,0.3420153021630324,0.22199999999999953,0.9890249769962958,0.9112677264682535,0.9341810081252887,0.9666337439136283,0.16300000000000026,0.9988424323534388,0.9170327221586647,0.9917504067198797,0.9570621895761084,0.9650162715016272,0.9735006973500698,0.9053030303030303,0.9760101010101009,0.17300000000000004,7223,239
3,4,200,2,2,300,0.16100000000000136,0.3420153021630324,0.22199999999999953,0.9890249769962958,0.9112677264682535,0.9341810081252887,0.9666337439136283,0.16300000000000026,0.9988424323534388,0.9170327221586647,0.9917504067198797,0.9570621895761084,0.9650162715016272,0.9735006973500698,0.9053030303030303,0.9760101010101009,0.17300000000000004,7223,239
3,4,200,2,3,0,0.16100000000000136,0.3420153021630324,0.22199999999999953,0.9890332502206147,0.9105807919339785,0.9341810081252887,0.9662466185956324,0.16300000000000026,0.9988435530966651,0.9161448619850672,0.9917504067198797,0.9565495943798576,0.9639607279693486,0.9727011494252874,0.9027237354085603,0.9753566796368354,0.17425673363863337,7230,232
3,4,200,2,3,100,0.16100000000000136,0.3420153021630324,0.22199999999999953,0.9890249769962958,0.9112677264682535,0.9341810081252887,0.9666337439136283,0.16300000000000026,0.9988424323534388,0.9170327221586647,0.9917504067198797,0.9570621895761084,0.9650162715016272,0.9735006973500698,0.9053030303030303,0.9760101010101009,0.17300000000000004,7223,239
3,4,200,2,3,200,0.16100000000000136,0.3420153021630324,0.22199999999999953,0.9890249769962958,0.9112677264682535,0.9341810081252887,0.9666337439136283,0.16300000000000026,0.9988424323534388,0.9170327221586647,0.9917504067198797,0.9570621895761084,0.9650162715016272,0.9735006973500698,0.9053030303030303,0.9760101010101009,0.17300000000000004,7223,239
3,4,200,2,3,300,0.16100000000000136,0.3420153021630324,0.22199999999999953,0.9890249769962958,0.9112677264682535,0.9341810081252887,0.9666337439136283,0.16300000000000026,0.9988424323534388,0.9170327221586647,0.9917504067198797,0.9570621895761084,0.9650162715016272,0.9735006973500698,0.9053030303030303,0.9760101010101009,0.17300000000000004,7223,239
3,4,200,2,4,0,0.16167133442744838,0.3420153021630324,0.22199999999999953,0.9890285241918367,0.9109731990841331,0.9341810081252887,0.9664678330630586,0.16300000000000026,0.9988429129378479,0.9166520000210401,0.9917504067198797,0.9568425059205724,0.9645715630885122,0.9731638418079097,0.9042145593869731,0.9757343550447,0.17425673363863337,7226,236
3,4,200,2,4,100,0.16100000000000136,0.3420153021630324,0.22199999999999953,0.9890249769962958,0.9112677264682535,0.9341810081252887,0.9666337439136283,0.16300000000000026,0.9988424323534388,0.9170327221586647,0.9917504067198797,0.9570621895761084,0.9650162715016272,0.9735006973500698,0.9053030303030303,0.9760101010101009,0.17300000000000004,7223,239
3,4,200,2,4,200,0.16100000000000136,0.3420153021630324,0.22199999999999953,0.9890249769962958,0.9112677264682535,0.9341810081252887,0.9666337439136283,0.16300000000000026,0.9988424323534388,0.9170327221586647,0.9917504067198797,0.9570621895761084,0.9650162715016272,0.9735006973500698,0.9053030303030303,0.9760101010101009,0.17300000000000004,7223,239
3,4,200,2,4,300,0.16100000000000136,0.3420153021630324,0.22199999999999953,0.9890249769962958,0.9112677264682535,0.9341810081252887,0.9666337439136283,0.16300000000000026,0.9988424323534388,0.9170327221586647,0.9917504067198797,0.9570621895761084,0.9650162715016272,0.9735006973500698,0.9053030303030303,0.9760101010101009,0.17300000000000004,7223,239
3,4,200,2,5,0,0.16100000000000136,0.3420153021630324,0.22199999999999953,0.9890261596496367,0.9111695295149702,0.9341810081252887,0.9665784402967718,0.16356755022897362,0.9988425925925926,0.9169057796445232,0.9917504067198797,0.9569889616909297,0.9648692810457516,0.973389355742297,0.9049429657794676,0.9759188846641319,0.17325673363863348,7224,238
3,4,200,2,5,100,0.16100000000000136,0.3420153021630324,0.22199999999999953,0.9890249769962958,0.9112677264682535,0.9341810081252887,0.9666337439136283,0.16300000000000026,0.9988424323534388,0.9170327221586647,0.9917504067198797,0.9570621895761084,0.9650162715016272,0.9735006973500698,0.9053030303030303,0.9760101010101009,0.17300000000000004,7223,239
3,4,200,2,5,200,0.16100000000000136,0.3420153021630324,0.22199999999999953,0.9890249769962958,0.9112677264682535,0.9341810081252887,0.9666337439136283,0.16300000000000026,0.9988424323534388,0.9170327221586647,0.9917504067198797,0.9570621895761084,0.9650162715016272,0.9735006973500698,0.9053030303030303,0.9760101010101009,0.17300000000000004,7223,239
3,4,200,2,5,300,0.16100000000000136,0.3420153021630324,0.22199999999999953,0.9890249769962958,0.9112677264682535,0.9341810081252887,0.9666337439136283,0.16300000000000026,0.9988424323534388,0.9170327221586647,0.9917504067198797,0.9570621895761084,0.9650162715016272,0.9735006973500698,0.9053030303030303,0.9760101010101009,0.17300000000000004,7223,239
3,4,200,2,6,0,0.16100000000000136,0.3420153021630324,0.22199999999999953,0.9890249769962958,0.9112677264682535,0.9341810081252887,0.9666337439136283,0.16300000000000026,0.9988424323534388,0.9170327221586647,0.9917504067198797,0.9570621895761084,0.9650162715016272,0.9735006973500698,0.9053030303030303,0.9760101010101009,0.17300000000000004,7223,239
3,4,200,2,6,100,0.16100000000000136,0.3420153021630324,0.22199999999999953,0.9890249769962958,0.9112677264682535,0.9341810081252887,0.9666337439136283,0.16300000000000026,0.9988424323534388,0.9170327221586647,0.9917504067198797,0.9570621895761084,0.9650162715016272,0.9735006973500698,0.9053030303030303,0.9760101010101009,0.17300000000000004,7223,239
3,4,200,2,6,200,0.16100000000000136,0.3420153021630324,0.22199999999999953,0.9890249769962958,0.9112677264682535,0.9341810081252887,0.9666337439136283,0.16300000000000026,0.9988424323534388,0.9170327221586647,0.9917504067198797,0.9570621895761084,0.9650162715016272,0.9735006973500698,0.9053030303030303,0.9760101010101009,0.17300000000000004,7223,239
3,4,200,2,6,300,0.16100000000000136,0.3420153021630324,0.22199999999999953,0.9890249769962958,0.9112677264682535,0.9341810081252887,0.9666337439136283,0.16300000000000026,0.9988424323534388,0.9170327221586647,0.9917504067198797,0.9570621895761084,0.9650162715016272,0.9735006973500698,0.9053030303030303,0.9760101010101009,0.17300000000000004,7223,239
3,4,200,3,1,0,0.1620000000000008,0.3420153021630324,0.22199999999999953,0.9889277575858383,0.9057273367511972,0.9339044900410061,0.9633892650580443,0.1639999999999997,0.9986448933473806,0.9098842039510836,0.9913842672939863,0.9527661536456261,0.9469832735961768,0.9534050179211468,0.8714953271028038,0.9571651090342678,0.1880000000000006,7277,186
3,4,200,3,1,100,0.16300000000000026,0.3420153021630324,0.22199999999999953,0.9882154295909461,0.919779195326171,0.9329090249375883,0.9711133368790082,0.16499999999999915,0.9979370427566411,0.9280818969748751,0.9900661653607701,0.9629936482755811,0.9558725392058725,0.971805138471805,0.9013513513513514,0.9780780780780781,0.17575673363863414,7123,333
3,4,200,3,1,200,0.16300000000000026,0.3420153021630324,0.22199999999999953,0.9882154295909461,0.919779195326171,0.9329090249375883,0.9711133368790082,0.16499999999999915,0.9979370427566411,0.9280818969748751,0.9900661653607701,0.9629936482755811,0.9558725392058725,0.971805138471805,0.9013513513513514,0.9780780780780781,0.17575673363863414,7123,333
3,4,200,3,1,300,0.16300000000000026,0.3420153021630324,0.22199999999999953,0.9882154295909461,0.919779195326171,0.9329090249375883,0.9711133368790082,0.16499999999999915,0.9979370427566411,0.9280818969748751,0.9900661653607701,0.9629936482755811,0.9558725392058725,0.971805138471805,0.9013513513513514,0.9780780780780781,0.17575673363863414,7123,333
3,4,200,3,2,0,0.16300000000000026,0.3420153021630324,0.22199999999999953,0.9883838530473983,0.9153103440167921,0.9330749357881579,0.9686615431983681,0.16499999999999915,0.9980900356423368,0.922277176032362,0.9902858490163061,0.9597472120326598,0.9521173271173271,0.9702797202797203,0.8909657320872274,0.9750778816199377,0.17651346727726883,7170,286
3,4,200,3,2,100,0.16300000000000026,0.3420153021630324,0.22199999999999953,0.9882154295909461,0.919779195326171,0.9329090249375883,0.9711133368790082,0.16499999999999915,0.9979370427566411,0.9280818969748751,0.9900661653607701,0.9629936482755811,0.9558725392058725,0.971805138471805,0.9013513513513514,0.9780780780780781,0.17575673363863414,7123,333
3,4,200,3,2,200,0.16300000000000026,0.3420153021630324,0.22199999999999953,0.9882154295909461,0.919779195326171,0.9329090249375883,0.9711133368790082,0.16499999999999915,0.9979370427566411,0.9280818969748751,0.9900661653607701,0.9629936482755811,0.9558725392058725,0.971805138471805,0.9013513513513514,0.9780780780780781,0.17575673363863414,7123,333
3,4,200,3,2,300,0.16300000000000026,0.3420153021630324,0.22199999999999953,0.9882154295909461,0.919779195326171,0.9329090249375883,0.9711133368790082,0.16499999999999915,0.9979370427566411,0.9280818969748751,0.9900661653607701,0.9629936482755811,0.9558725392058725,0.971805138471805,0.9013513513513514,0.9780780780780781,0.17575673363863414,7123,333
3,4,200,3,3,0,0.16300000000000026,0.3420153021630324,0.22199999999999953,0.9882295351703259,0.9186782626658241,0.9329090249375883,0.9705234316325384,0.16499999999999915,0.99794022365511,0.9266508763880061,0.9900661653607701,0.9622125508336753,0.9545063639490884,0.9699002407980736,0.8986111111111111,0.9765432098765432,0.17651346727726855,7134,323
3,4,200,3,3,100,0.16300000000000026,0.3420153021630324,0.22199999999999953,0.9882154295909461,0.919779195326171,0.9329090249375883,0.9711133368790082,0.16499999999999915,0.9979370427566411,0.9280818969748751,0.9900661653607701,0.9629936482755811,0.9558725392058725,0.971805138471805,0.9013513513513514,0.9780780780780781,0.17575673363863414,7123,333
3,4,200,3,3,200,0.16300000000000026,0.3420153021630324,0.22199999999999953,0.9882154295909461,0.919779195326171,0.9329090249375883,0.9711133368790082,0.16499999999999915,0.9979370427566411,0.9280818969748751,0.9900661653607701,0.9629936482755811,0.9558725392058725,0.971805138471805,0.9013513513513514,0.9780780780780781,0.17575673363863414,7123,333
3,4,200,3,3,300,0.16300000000000026,0.3420153021630324,0.22199999999999953,0.9882154295909461,0.919779195326171,0.9329090249375883,0.9711133368790082,0.16499999999999915,0.9979370427566411,0.9280818969748751,0.9900661653607701,0.9629936482755811,0.9558725392058725,0.971805138471805,0.9013513513513514,0.9780780780780781,0.17575673363863414,7123,333
3,4,200,3,4,0,0.16300000000000026,0.341616078045727,0.22199999999999953,0.9882399929096214,0.919387329475057,0.9330196321713013,0.9708921224115821,0.16499999999999915,0.9979618718044645,0.9275711773501734,0.9902126211311275,0.9627007367348663,0.9558426207362378,0.9714623438027693,0.9027397260273973,0.9777777777777779,0.1789999999999985,7128,329
3,4,200,3,4,100,0.16300000000000026,0.3416090276552065,0.22199999999999953,0.9882367273294138,0.9197966707220263,0.9331302394050145,0.9711133368790082,0.16499999999999915,0.9979610136452243,0.9281020845125664,0.990214450214775,0.9629990672756871,0.9565036593479708,0.9718895542248835,0.904054054054054,0.9780780780780781,0.17600000000000016,7125,334
3,4,200,3,4,200,0.16300000000000026,0.341616078045727,0.22199999999999953,0.9882348687235253,0.9197879339759176,0.9330196321713013,0.9711133368790082,0.16499999999999915,0.9979607274315304,0.9280919921605889,0.9902126211311275,0.9629936482755811,0.9563730397063731,0.971805138471805,0.9037940379403794,0.9780186690755797,0.17574483963080517,7124,333
3,4,200,3,4,300,0.16300000000000026,0.3416090276552065,0.22199999999999953,0.9882367273294138,0.9197966707220263,0.9331302394050145,0.9711133368790082,0.16499999999999915,0.9979610136452243,0.9281020845125664,0.990214450214775,0.9629990672756871,0.9565036593479708,0.9718895542248835,0.904054054054054,0.9780780780780781,0.17600000000000016,7125,334
3,4,200,3,5,0,0.16300000000000026,0.341616078045727,0.22199999999999953,0.9882361501886464,0.9196877501251415,0.9330196321713013,0.9710580332621517,0.16499999999999915,0.9979610136452243,0.9279617336353734,0.9902126211311275,0.9629204203904024,0.9562416331994645,0.9717202141900938,0.9035326086956522,0.9779589371980677,0.17600000000000016,7125,332
3,4,200,3,5,100,0.16300000000000026,0.3416090276552065,0.22199999999999953,0.9882367273294138,0.9197966707220263,0.9331302394050145,0.9711133368790082,0.16499999999999915,0.9979610136452243,0.9281020845125664,0.990214450214775,0.9629990672756871,0.9565036593479708,0.9718895542248835,0.904054054054054,0.9780780780780781,0.17600000000000016,7125,334
3,4,200,3,5,200,0.16300000000000026,0.341616078045727,0.22199999999999953,0.9882348687235253,0.9197879339759176,0.9330196321713013,0.9711133368790082,0.16499999999999915,0.9979607274315304,0.9280919921605889,0.9902126211311275,0.9629936482755811,0.9563730397063731,0.971805138471805,0.9037940379403794,0.9780186690755797,0.17574483963080517,7124,333
3,4,200,3,5,300,0.16300000000000026,0.3416090276552065,0.22199999999999953,0.9882367273294138,0.9197966707220263,0.9331302394050145,0.9711133368790082,0.16499999999999915,0.9979610136452243,0.9281020845125664,0.990214450214775,0.9629990672756871,0.9565036593479708,0.9718895542248835,0.904054054054054,0.9780780780780781,0.17600000000000016,7125,334
3,4,200,3,6,0,0.16300000000000026,0.341616078045727,0.22199999999999953,0.9882348687235253,0.9197879339759176,0.9330196321713013,0.9711133368790082,0.16499999999999915,0.9979607274315304,0.9280919921605889,0.9902126211311275,0.9629936482755811,0.9563730397063731,0.971805138471805,0.9037940379403794,0.9780186690755797,0.17574483963080517,7124,333
3,4,200,3,6,100,0.16300000000000026,0.3416090276552065,0.22199999999999953,0.9882367273294138,0.9197966707220263,0.9331302394050145,0.9711133368790082,0.16499999999999915,0.9979610136452243,0.9281020845125664,0.990214450214775,0.9629990672756871,0.9565036593479708,0.9718895542248835,0.904054054054054,0.9780780780780781,0.17600000000000016,7125,334
3,4,200,3,6,200,0.16300000000000026,0.341616078045727,0.22199999999999953,0.9882348687235253,0.9197879339759176,0.9330196321713013,0.9711133368790082,0.16499999999999915,0.9979607274315304,0.9280919921605889,0.9902126211311275,0.9629936482755811,0.9563730397063731,0.971805138471805,0.9037940379403794,0.9780186690755797,0.17574483963080517,7124,333
3,4,200,3,6,300,0.16300000000000026,0.3416090276552065,0.22199999999999953,0.9882367273294138,0.9197966707220263,0.9331302394050145,0.9711133368790082,0.16499999999999915,0.9979610136452243,0.9281020845125664,0.990214450214775,0.9629990672756871,0.9565036593479708,0.9718895542248835,0.904054054054054,0.9780780780780781,0.17600000000000016,7125,334
3,4,200,4,1,0,0.16300000000000026,0.341616078045727,0.22199999999999953,0.9884793383809176,0.9094157228573346,0.933185543021871,0.9653433261869755,0.16500000000000092,0.9981294555063914,0.914647034313058,0.9904323047866636,0.9553535389219393,0.9409267345948569,0.9541484716157205,0.8712121212121212,0.9564393939393939,0.18899999999999872,7232,229
3,4,200,4,1,100,0.16399999999999793,0.3416090276552065,0.22199999999999953,0.9874768091410907,0.9263048702514471,0.9318029526004574,0.9745052920462094,0.1659999999999986,0.9970870189048138,0.9366010149215319,0.988457238324308,0.9674897198846588,0.9493141289437586,0.9709190672153635,0.895059786028949,0.9769946157611356,0.18299999999999983,7047,405
3,4,200,4,1,200,0.16399999999999793,0.341616078045727,0.22199999999999953,0.9874748511186511,0.9262967736650103,0.9316923453667444,0.9745052920462094,0.1659999999999986,0.9970866054814395,0.9365920170525172,0.9884551518868393,0.96748495856654,0.9491886688668867,0.9708470847084708,0.8948281299274676,0.976943831248467,0.18182301259494252,7046,404
3,4,200,4,1,300,0.16399999999999793,0.3416090276552065,0.22199999999999953,0.9874768091410907,0.9263048702514471,0.9318029526004574,0.9745052920462094,0.1659999999999986,0.9970870189048138,0.9366010149215319,0.988457238324308,0.9674897198846588,0.9493141289437586,0.9709190672153635,0.895059786028949,0.9769946157611356,0.18299999999999983,7047,405
3,4,200,4,2,0,0.16399999999999793,0.341616078045727,0.22199999999999953,0.9877347703404988,0.9209687994212167,0.9320794706847402,0.971629503969669,0.16500000000000092,0.9973446274657031,0.9296392161272752,0.98896774708309,0.9636771085372489,0.946111111111111,0.9665079365079365,0.8882459312839059,0.9717299578059071,0.18273451889241463,7103,350
3,4,200,4,2,100,0.16399999999999793,0.3416090276552065,0.22199999999999953,0.9874768091410907,0.9263048702514471,0.9318029526004574,0.9745052920462094,0.1659999999999986,0.9970870189048138,0.9366010149215319,0.988457238324308,0.9674897198846588,0.9493141289437586,0.9709190672153635,0.895059786028949,0.9769946157611356,0.18299999999999983,7047,405
3,4,200,4,2,200,0.16399999999999793,0.341616078045727,0.22199999999999953,0.9874748511186511,0.9262967736650103,0.9316923453667444,0.9745052920462094,0.1659999999999986,0.9970866054814395,0.9365920170525172,0.9884551518868393,0.96748495856654,0.9491886688668867,0.9708470847084708,0.8948281299274676,0.976943831248467,0.18182301259494252,7046,404
3,4,200,4,2,300,0.16399999999999793,0.3416090276552065,0.22199999999999953,0.9874768091410907,0.9263048702514471,0.9318029526004574,0.9745052920462094,0.1659999999999986,0.9970870189048138,0.9366010149215319,0.988457238324308,0.9674897198846588,0.9493141289437586,0.9709190672153635,0.895059786028949,0.9769946157611356,0.18299999999999983,7047,405
3,4,200,4,3,0,0.16300000000000203,0.341616078045727,0.22199999999999953,0.9875347547116236,0.9246795957779278,0.9318029526004574,0.9736573032544089,0.16500000000000092,0.9971408120565701,0.9344793079643261,0.9886016076571966,0.9663621309938003,0.9482193732193732,0.9668091168091167,0.8935094585779517,0.9734906139015729,0.18100000000000094,7063,390
3,4,200,4,3,100,0.16399999999999793,0.3416090276552065,0.22199999999999953,0.9874768091410907,0.9263048702514471,0.9318029526004574,0.9745052920462094,0.1659999999999986,0.9970870189048138,0.9366010149215319,0.988457238324308,0.9674897198846588,0.9493141289437586,0.9709190672153635,0.895059786028949,0.9769946157611356,0.18299999999999983,7047,405
3,4,200,4,3,200,0.16399999999999793,0.341616078045727,0.22199999999999953,0.9874748511186511,0.9262967736650103,0.9316923453667444,0.9745052920462094,0.1659999999999986,0.9970866054814395,0.9365920170525172,0.9884551518868393,0.96748495856654,0.9491886688668867,0.9708470847084708,0.8948281299274676,0.976943831248467,0.18182301259494252,7046,404
3,4,200,4,3,300,0.16399999999999793,0.3416090276552065,0.22199999999999953,0.9874768091410907,0.9263048702514471,0.9318029526004574,0.9745052920462094,0.1659999999999986,0.9970870189048138,0.9366010149215319,0.988457238324308,0.9674897198846588,0.9493141289437586,0.9709190672153635,0.895059786028949,0.9769946157611356,0.18299999999999983,7047,405
3,4,200,4,4,0,0.16399999999999956,0.341616078045727,0.22199999999999953,0.9874634268381789,0.9257882105961265,0.9316923453667444,0.9742287739619268,0.16600000000000037,0.997065034116516,0.93592786160148,0.9884551518868393,0.9671188191406467,0.9482638888888889,0.9693055555555554,0.8938911867642381,0.975624845335313,0.1852345188924131,7051,400
3,4,200,4,4,100,0.16399999999999793,0.3416090276552065,0.22199999999999953,0.9874768091410907,0.9263048702514471,0.9318029526004574,0.9745052920462094,0.1659999999999986,0.9970870189048138,0.9366010149215319,0.988457238324308,0.9674897198846588,0.9493141289437586,0.9709190672153635,0.895059786028949,0.9769946157611356,0.18299999999999983,7047,405
3,4,200,4,4,200,0.16399999999999793,0.341616078045727,0.22199999999999953,0.9874748511186511,0.9262967736650103,0.9316923453667444,0.9745052920462094,0.1659999999999986,0.9970866054814395,0.9365920170525172,0.9884551518868393,0.96748495856654,0.9491886688668867,0.9708470847084708,0.8948281299274676,0.976943831248467,0.18182301259494252,7046,404
3,4,200,4,4,300,0.16399999999999793,0.3416090276552065,0.22199999999999953,0.9874768091410907,0.9263048702514471,0.9318029526004574,0.9745052920462094,0.1659999999999986,0.9970870189048138,0.9366010149215319,0.988457238324308,0.9674897198846588,0.9493141289437586,0.9709190672153635,0.895059786028949,0.9769946157611356,0.18299999999999983,7047,405
3,4,200,4,5,0,0.1639999999999997,0.341616078045727,0.22199999999999953,0.9874762270550327,0.9261950163571266,0.9316923453667444,0.9744499884293528,0.16600000000000037,0.9970870189048138,0.9364591105650681,0.9884551518868393,0.9674117306813613,0.9490625861593603,0.9707747449682934,0.8945954487989886,0.9768928220255654,0.18299999999999983,7047,403
3,4,200,4,5,100,0.16399999999999793,0.3416090276552065,0.22199999999999953,0.9874768091410907,0.9263048702514471,0.9318029526004574,0.9745052920462094,0.1659999999999986,0.9970870189048138,0.9366010149215319,0.988457238324308,0.9674897198846588,0.9493141289437586,0.9709190672153635,0.895059786028949,0.9769946157611356,0.18299999999999983,7047,405
3,4,200,4,5,200,0.16399999999999793,0.341616078045727,0.22199999999999953,0.9874748511186511,0.9262967736650103,0.9316923453667444,0.9745052920462094,0.1659999999999986,0.9970866054814395,0.9365920170525172,0.9884551518868393,0.96748495856654,0.9491886688668867,0.9708470847084708,0.8948281299274676,0.976943831248467,0.18182301259494252,7046,404
3,4,200,4,5,300,0.16399999999999793,0.3416090276552065,0.22199999999999953,0.9874768091410907,0.9263048702514471,0.9318029526004574,0.9745052920462094,0.1659999999999986,0.9970870189048138,0.9366010149215319,0.988457238324308,0.9674897198846588,0.9493141289437586,0.9709190672153635,0.895059786028949,0.9769946157611356,0.18299999999999983,7047,405
3,4,200,4,6,0,0.16399999999999793,0.341616078045727,0.22199999999999953,0.9874748511186511,0.9262967736650103,0.9316923453667444,0.9745052920462094,0.1659999999999986,0.9970866054814395,0.9365920170525172,0.9884551518868393,0.96748495856654,0.9491886688668867,0.9708470847084708,0.8948281299274676,0.976943831248467,0.18182301259494252,7046,404
3,4,200,4,6,100,0.16399999999999793,0.3416090276552065,0.22199999999999953,0.9874768091410907,0.9263048702514471,0.9318029526004574,0.9745052920462094,0.1659999999999986,0.9970870189048138,0.9366010149215319,0.988457238324308,0.9674897198846588,0.9493141289437586,0.9709190672153635,0.895059786028949,0.9769946157611356,0.18299999999999983,7047,405
3,4,200,4,6,200,0.16399999999999793,0.341616078045727,0.22199999999999953,0.9874748511186511,0.9262967736650103,0.9316923453667444,0.9745052920462094,0.1659999999999986,0.9970866054814395,0.9365920170525172,0.9884551518868393,0.96748495856654,0.9491886688668867,0.9708470847084708,0.8948281299274676,0.976943831248467,0.18182301259494252,7046,404
3,4,200,4,6,300,0.16399999999999793,0.3416090276552065,0.22199999999999953,0.9874768091410907,0.9263048702514471,0.9318029526004574,0.9745052920462094,0.1659999999999986,0.9970870189048138,0.9366010149215319,0.988457238324308,0.9674897198846588,0.9493141289437586,0.9709190672153635,0.895059786028949,0.9769946157611356,0.18299999999999983,7047,405
3,4,200,5,1,0,0.16300000000000026,0.341616078045727,0.22199999999999953,0.9878400448424082,0.9119657804329431,0.9320241670678836,0.9665600057578194,0.16499999999999915,0.997355784077574,0.9179518508641888,0.9888945191979113,0.9569645523958701,0.9276510350654837,0.9505703422053232,0.8543682795698924,0.9492607526881721,0.18615634592827743,7196,263
3,4,200,5,1,100,0.16299999999999848,0.3416090276552065,0.22199999999999953,0.9863755228921108,0.9309373968177276,0.9297567187767654,0.9766068294867578,0.16500000000000092,0.9957482181494209,0.9426901754704136,0.9857482033265045,0.970271972044565,0.9358651307895368,0.9691624670026396,0.8744573487289653,0.9711648913951547,0.18115634592827612,6984,463
3,4,200,5,1,200,0.16299999999999848,0.341616078045727,0.22199999999999953,0.9863734293854737,0.9309297563040444,0.9296461115430523,0.9766068294867578,0.16500000000000092,0.9957476092733146,0.9426819684212184,0.9857457201352282,0.9702676182033295,0.9357263107263107,0.9690957190957191,0.8742209218904134,0.9711105879891192,0.1800000000000015,6983,462
3,4,200,5,1,300,0.16299999999999848,0.3416090276552065,0.22199999999999953,0.9863755228921108,0.9309373968177276,0.9297567187767654,0.9766068294867578,0.16500000000000092,0.9957482181494209,0.9426901754704136,0.9857482033265045,0.970271972044565,0.9358651307895368,0.9691624670026396,0.8744573487289653,0.9711648913951547,0.18115634592827612,6984,463
3,4,200,5,2,0,0.16300000000000026,0.341616078045727,0.22199999999999953,0.9867255587771755,0.9250438390895592,0.9303097549453307,0.9734913924038393,0.16499999999999915,0.9961173391356448,0.9349720711629586,0.9866244547573724,0.9661424473382643,0.9322744774477448,0.9631463146314633,0.8698314979096563,0.9641773733047823,0.17900000000000027,7047,404
3,4,200,5,2,100,0.16299999999999848,0.3416090276552065,0.22199999999999953,0.9863755228921108,0.9309373968177276,0.9297567187767654,0.9766068294867578,0.16500000000000092,0.9957482181494209,0.9426901754704136,0.9857482033265045,0.970271972044565,0.9358651307895368,0.9691624670026396,0.8744573487289653,0.9711648913951547,0.18115634592827612,6984,463
3,4,200,5,2,200,0.16299999999999848,0.341616078045727,0.22199999999999953,0.9863734293854737,0.9309297563040444,0.9296461115430523,0.9766068294867578,0.16500000000000092,0.9957476092733146,0.9426819684212184,0.9857457201352282,0.9702676182033295,0.9357263107263107,0.9690957190957191,0.8742209218904134,0.9711105879891192,0.1800000000000015,6983,462
3,4,200,5,2,300,0.16299999999999848,0.3416090276552065,0.22199999999999953,0.9863755228921108,0.9309373968177276,0.9297567187767654,0.9766068294867578,0.16500000000000092,0.9957482181494209,0.9426901754704136,0.9857482033265045,0.970271972044565,0.9358651307895368,0.9691624670026396,0.8744573487289653,0.9711648913951547,0.18115634592827612,6984,463
3,4,200,5,3,0,0.16300000000000026,0.341616078045727,0.22199999999999953,0.9864771050758321,0.9290952717995649,0.9298673260104785,0.9756666680001969,0.16500000000000092,0.9958549510527235,0.9402753370677379,0.986038631675943,0.9690227441552922,0.9350608998260004,0.9647029579915487,0.8739519640541041,0.9672368136619108,0.18100000000000094,7003,447
3,4,200,5,3,100,0.16299999999999848,0.3416090276552065,0.22199999999999953,0.9863755228921108,0.9309373968177276,0.9297567187767654,0.9766068294867578,0.16500000000000092,0.9957482181494209,0.9426901754704136,0.9857482033265045,0.970271972044565,0.9358651307895368,0.9691624670026396,0.8744573487289653,0.9711648913951547,0.18115634592827612,6984,463
3,4,200,5,3,200,0.16299999999999848,0.341616078045727,0.22199999999999953,0.9863734293854737,0.9309297563040444,0.9296461115430523,0.9766068294867578,0.16500000000000092,0.9957476092733146,0.9426819684212184,0.9857457201352282,0.9702676182033295,0.9357263107263107,0.9690957190957191,0.8742209218904134,0.9711105879891192,0.1800000000000015,6983,462
3,4,200,5,3,300,0.16299999999999848,0.3416090276552065,0.22199999999999953,0.9863755228921108,0.9309373968177276,0.9297567187767654,0.9766068294867578,0.16500000000000092,0.9957482181494209,0.9426901754704136,0.9857482033265045,0.970271972044565,0.9358651307895368,0.9691624670026396,0.8744573487289653,0.9711648913951547,0.18115634592827612,6984,463
3,4,200,5,4,0,0.16300000000000026,0.341616078045727,0.22199999999999953,0.9863625344481014,0.9304150892561098,0.9296461115430523,0.9763303114024751,0.16500000000000092,0.9957268015009858,0.9420074678714037,0.9857457201352282,0.9699014787774362,0.9348010674429887,0.9677341096555071,0.8732662419806633,0.9699425469112375,0.18399999999999928,6988,458
3,4,200,5,4,100,0.16299999999999848,0.3416090276552065,0.22199999999999953,0.9863755228921108,0.9309373968177276,0.9297567187767654,0.9766068294867578,0.16500000000000092,0.9957482181494209,0.9426901754704136,0.9857482033265045,0.970271972044565,0.9358651307895368,0.9691624670026396,0.8744573487289653,0.9711648913951547,0.18115634592827612,6984,463
3,4,200,5,4,200,0.16299999999999848,0.341616078045727,0.22199999999999953,0.9863734293854737,0.9309297563040444,0.9296461115430523,0.9766068294867578,0.16500000000000092,0.9957476092733146,0.9426819684212184,0.9857457201352282,0.9702676182033295,0.9357263107263107,0.9690957190957191,0.8742209218904134,0.9711105879891192,0.1800000000000015,6983,462
3,4,200,5,4,300,0.16299999999999848,0.3416090276552065,0.22199999999999953,0.9863755228921108,0.9309373968177276,0.9297567187767654,0.9766068294867578,0.16500000000000092,0.9957482181494209,0.9426901754704136,0.9857482033265045,0.970271972044565,0.9358651307895368,0.9691624670026396,0.8744573487289653,0.9711648913951547,0.18115634592827612,6984,463
3,4,200,5,5,0,0.16299999999999848,0.341616078045727,0.22199999999999953,0.9863749367494797,0.930826777348701,0.9296461115430523,0.9765515258699012,0.16500000000000092,0.9957482181494209,0.9425469910488786,0.9857457201352282,0.9701943903181509,0.935586888406845,0.9690286816100264,0.8739836028751123,0.9710560796645703,0.181156345928276,6984,461
3,4,200,5,5,100,0.16299999999999848,0.3416090276552065,0.22199999999999953,0.9863755228921108,0.9309373968177276,0.9297567187767654,0.9766068294867578,0.16500000000000092,0.9957482181494209,0.9426901754704136,0.9857482033265045,0.970271972044565,0.9358651307895368,0.9691624670026396,0.8744573487289653,0.9711648913951547,0.18115634592827612,6984,463
3,4,200,5,5,200,0.16299999999999848,0.341616078045727,0.22199999999999953,0.9863734293854737,0.9309297563040444,0.9296461115430523,0.9766068294867578,0.16500000000000092,0.9957476092733146,0.9426819684212184,0.9857457201352282,0.9702676182033295,0.9357263107263107,0.9690957190957191,0.8742209218904134,0.9711105879891192,0.1800000000000015,6983,462
3,4,200,5,5,300,0.16299999999999848,0.3416090276552065,0.22199999999999953,0.9863755228921108,0.9309373968177276,0.9297567187767654,0.9766068294867578,0.16500000000000092,0.9957482181494209,0.9426901754704136,0.9857482033265045,0.970271972044565,0.9358651307895368,0.9691624670026396,0.8744573487289653,0.9711648913951547,0.18115634592827612,6984,463
3,4,200,5,6,0,0.16299999999999848,0.341616078045727,0.22199999999999953,0.9863734293854737,0.9309297563040444,0.9296461115430523,0.9766068294867578,0.16500000000000092,0.9957476092733146,0.9426819684212184,0.9857457201352282,0.9702676182033295,0.9357263107263107,0.9690957190957191,0.8742209218904134,0.9711105879891192,0.1800000000000015,6983,462
3,4,200,5,6,100,0.16299999999999848,0.3416090276552065,0.22199999999999953,0.9863755228921108,0.9309373968177276,0.9297567187767654,0.9766068294867578,0.16500000000000092,0.9957482181494209,0.9426901754704136,0.9857482033265045,0.970271972044565,0.9358651307895368,0.9691624670026396,0.8744573487289653,0.9711648913951547,0.18115634592827612,6984,463
3,4,200,5,6,200,0.16299999999999848,0.341616078045727,0.22199999999999953,0.9863734293854737,0.9309297563040444,0.9296461115430523,0.9766068294867578,0.16500000000000092,0.9957476092733146,0.9426819684212184,0.9857457201352282,0.9702676182033295,0.9357263107263107,0.9690957190957191,0.8742209218904134,0.9711105879891192,0.1800000000000015,6983,462
3,4,200,5,6,300,0.16299999999999848,0.3416090276552065,0.22199999999999953,0.9863755228921108,0.9309373968177276,0.9297567187767654,0.9766068294867578,0.16500000000000092,0.9957482181494209,0.9426901754704136,0.9857482033265045,0.970271972044565,0.9358651307895368,0.9691624670026396,0.8744573487289653,0.9711648913951547,0.18115634592827612,6984,463
3,4,200,6,1,0,0.16300000000000026,0.3420153021630324,0.22199999999999953,0.9873068387190223,0.9130113097785277,0.9309733983476093,0.9671314764653369,0.16499999999999915,0.9966976384049555,0.9193144973963349,0.9875031893795164,0.9577212405427163,0.9165688575899843,0.9507042253521126,0.8397482893450636,0.9494745845552297,0.18559006697196773,7175,284
3,4,200,6,1,100,0.16300000000000026,0.3416090276552065,0.22199999999999953,0.9852246887245167,0.9338829755514805,0.9273786632519342,0.9781000271418845,0.16500000000000092,0.9943250476785743,0.9465957284704123,0.9825998653560842,0.9722488354213406,0.9220902090209021,0.9725522552255226,0.8518646132949824,0.9741214578672632,0.1869999999999994,6933,505
3,4,200,6,1,200,0.1629999999999991,0.3420153021630324,0.22199999999999953,0.9852022656669222,0.9338682616259327,0.9271574487845079,0.9781000271418845,0.16500000000000092,0.9942993635678674,0.9465803182059398,0.9824504653021878,0.9722447711031538,0.921604938271605,0.9724977954144621,0.8501867609459891,0.9741214578672632,0.18609006697196626,6931,504
3,4,200,6,1,300,0.16300000000000026,0.3416090276552065,0.22199999999999953,0.9852246887245167,0.9338829755514805,0.9273786632519342,0.9781000271418845,0.16500000000000092,0.9943250476785743,0.9465957284704123,0.9825998653560842,0.9722488354213406,0.9220902090209021,0.9725522552255226,0.8518646132949824,0.9741214578672632,0.1869999999999994,6933,505
3,4,200,6,2,0,0.16300000000000026,0.3420153021630324,0.22199999999999953,0.9858394308229756,0.9273611461141187,0.9284847355890649,0.9746896374357311,0.16499999999999915,0.9950248164533878,0.9380260004974125,0.984207934546476,0.9677290515171355,0.9207702020202021,0.9633207070707072,0.8513679029304029,0.964463141025641,0.18142340030529966,7007,440
3,4,200,6,2,100,0.16300000000000026,0.3416090276552065,0.22199999999999953,0.9852246887245167,0.9338829755514805,0.9273786632519342,0.9781000271418845,0.16500000000000092,0.9943250476785743,0.9465957284704123,0.9825998653560842,0.9722488354213406,0.9220902090209021,0.9725522552255226,0.8518646132949824,0.9741214578672632,0.1869999999999994,6933,505
3,4,200,6,2,200,0.1629999999999991,0.3420153021630324,0.22199999999999953,0.9852022656669222,0.9338682616259327,0.9271574487845079,0.9781000271418845,0.16500000000000092,0.9942993635678674,0.9465803182059398,0.9824504653021878,0.9722447711031538,0.921604938271605,0.9724977954144621,0.8501867609459891,0.9741214578672632,0.18609006697196626,6931,504
3,4,200,6,2,300,0.16300000000000026,0.3416090276552065,0.22199999999999953,0.9852246887245167,0.9338829755514805,0.9273786632519342,0.9781000271418845,0.16500000000000092,0.9943250476785743,0.9465957284704123,0.9825998653560842,0.9722488354213406,0.9220902090209021,0.9725522552255226,0.8518646132949824,0.9741214578672632,0.1869999999999994,6933,505
3,4,200,6,3,0,0.16299999999999848,0.3420153021630324,0.22199999999999953,0.9854081413326633,0.9318248881624966,0.9275998777193603,0.9770676929605625,0.16500000000000092,0.9945347072449876,0.943889027388263,0.9830362883836172,0.9708778505798186,0.921948437143509,0.966746520647958,0.8516718426501035,0.9691183574879226,0.18509006697196553,6955,487
3,4,200,6,3,100,0.16300000000000026,0.3416090276552065,0.22199999999999953,0.9852246887245167,0.9338829755514805,0.9273786632519342,0.9781000271418845,0.16500000000000092,0.9943250476785743,0.9465957284704123,0.9825998653560842,0.9722488354213406,0.9220902090209021,0.9725522552255226,0.8518646132949824,0.9741214578672632,0.1869999999999994,6933,505
3,4,200,6,3,200,0.1629999999999991,0.3420153021630324,0.22199999999999953,0.9852022656669222,0.9338682616259327,0.9271574487845079,0.9781000271418845,0.16500000000000092,0.9942993635678674,0.9465803182059398,0.9824504653021878,0.9722447711031538,0.921604938271605,0.9724977954144621,0.8501867609459891,0.9741214578672632,0.18609006697196626,6931,504
3,4,200,6,3,300,0.16300000000000026,0.3416090276552065,0.22199999999999953,0.9852246887245167,0.9338829755514805,0.9273786632519342,0.9781000271418845,0.16500000000000092,0.9943250476785743,0.9465957284704123,0.9825998653560842,0.9722488354213406,0.9220902090209021,0.9725522552255226,0.8518646132949824,0.9741214578672632,0.1869999999999994,6933,505
3,4,200,6,4,0,0.16300000000000026,0.3420153021630324,0.22199999999999953,0.98524920436806,0.9333563957780783,0.9272680560182209,0.9778235090576017,0.16500000000000092,0.9943523457146061,0.9459057496735431,0.9825969210725451,0.9718786316772604,0.9214874192830104,0.9712202182142062,0.8503581517352704,0.9730108286252355,0.1880000000000006,6937,499
3,4,200,6,4,100,0.16300000000000026,0.3416090276552065,0.22199999999999953,0.9852246887245167,0.9338829755514805,0.9273786632519342,0.9781000271418845,0.16500000000000092,0.9943250476785743,0.9465957284704123,0.9825998653560842,0.9722488354213406,0.9220902090209021,0.9725522552255226,0.8518646132949824,0.9741214578672632,0.1869999999999994,6933,505
3,4,200,6,4,200,0.1629999999999991,0.3420153021630324,0.22199999999999953,0.9852022656669222,0.9338682616259327,0.9271574487845079,0.9781000271418845,0.16500000000000092,0.9942993635678674,0.9465803182059398,0.9824504653021878,0.9722447711031538,0.921604938271605,0.9724977954144621,0.8501867609459891,0.9741214578672632,0.18609006697196626,6931,504
3,4,200,6,4,300,0.16300000000000026,0.3416090276552065,0.22199999999999953,0.9852246887245167,0.9338829755514805,0.9273786632519342,0.9781000271418845,0.16500000000000092,0.9943250476785743,0.9465957284704123,0.9825998653560842,0.9722488354213406,0.9220902090209021,0.9725522552255226,0.8518646132949824,0.9741214578672632,0.1869999999999994,6933,505
3,4,200,6,5,0,0.16300000000000026,0.3420153021630324,0.22199999999999953,0.9852039120548096,0.9337643599501845,0.9271574487845079,0.9780447235250279,0.16500000000000092,0.9943001859331922,0.9464437659384548,0.9824504653021878,0.9721715432179752,0.9214490832781091,0.9724431190633974,0.8499349739895958,0.9740779645191411,0.1869999999999994,6932,503
3,4,200,6,5,100,0.16300000000000026,0.3416090276552065,0.22199999999999953,0.9852246887245167,0.9338829755514805,0.9273786632519342,0.9781000271418845,0.16500000000000092,0.9943250476785743,0.9465957284704123,0.9825998653560842,0.9722488354213406,0.9220902090209021,0.9725522552255226,0.8518646132949824,0.9741214578672632,0.1869999999999994,6933,505
3,4,200,6,5,200,0.1629999999999991,0.3420153021630324,0.22199999999999953,0.9852022656669222,0.9338682616259327,0.9271574487845079,0.9781000271418845,0.16500000000000092,0.9942993635678674,0.9465803182059398,0.9824504653021878,0.9722447711031538,0.921604938271605,0.9724977954144621,0.8501867609459891,0.9741214578672632,0.18609006697196626,6931,504
3,4,200,6,5,300,0.16300000000000026,0.3416090276552065,0.22199999999999953,0.9852246887245167,0.9338829755514805,0.9273786632519342,0.9781000271418845,0.16500000000000092,0.9943250476785743,0.9465957284704123,0.9825998653560842,0.9722488354213406,0.9220902090209021,0.9725522552255226,0.8518646132949824,0.9741214578672632,0.1869999999999994,6933,505
3,4,200,6,6,0,0.1629999999999991,0.3420153021630324,0.22199999999999953,0.9852022656669222,0.9338682616259327,0.9271574487845079,0.9781000271418845,0.16500000000000092,0.9942993635678674,0.9465803182059398,0.9824504653021878,0.9722447711031538,0.921604938271605,0.9724977954144621,0.8501867609459891,0.9741214578672632,0.18609006697196626,6931,504
3,4,200,6,6,100,0.16300000000000026,0.3416090276552065,0.22199999999999953,0.9852246887245167,0.9338829755514805,0.9273786632519342,0.9781000271418845,0.16500000000000092,0.9943250476785743,0.9465957284704123,0.9825998653560842,0.9722488354213406,0.9220902090209021,0.9725522552255226,0.8518646132949824,0.9741214578672632,0.1869999999999994,6933,505
3,4,200,6,6,200,0.1629999999999991,0.3420153021630324,0.22199999999999953,0.9852022656669222,0.9338682616259327,0.9271574487845079,0.9781000271418845,0.16500000000000092,0.9942993635678674,0.9465803182059398,0.9824504653021878,0.9722447711031538,0.921604938271605,0.9724977954144621,0.8501867609459891,0.9741214578672632,0.18609006697196626,6931,504
3,4,200,6,6,300,0.16300000000000026,0.3416090276552065,0.22199999999999953,0.9852246887245167,0.9338829755514805,0.9273786632519342,0.9781000271418845,0.16500000000000092,0.9943250476785743,0.9465957284704123,0.9825998653560842,0.9722488354213406,0.9220902090209021,0.9725522552255226,0.8518646132949824,0.9741214578672632,0.1869999999999994,6933,505
3,4,200,7,1,0,0.16300000000000026,0.3420153021630324,0.22199999999999953,0.9862374433089196,0.91378828776245,0.9290930753744868,0.9674817327054285,0.16499999999999915,0.9953561213703911,0.9203387687211392,0.9850134412834415,0.9581850171488481,0.8936075498575499,0.9423076923076923,0.8153457903780068,0.9439969931271477,0.18799999999999883,7148,312
3,4,200,7,1,100,0.16300000000000026,0.3416090276552065,0.22199999999999953,0.9837359486057031,0.9355141494949419,0.9246872205649158,0.9788742777778761,0.16499999999999915,0.9924501217722295,0.9487949173298547,0.9790366301337481,0.9732738756907798,0.904391339869281,0.9665543300653594,0.8298760969644655,0.9711627223900637,0.1880000000000006,6889,544
3,4,200,7,1,200,0.16299999999999848,0.3420153021630324,0.22199999999999953,0.983713082285806,0.9354997279696138,0.9244660060974896,0.9788742777778761,0.16499999999999915,0.9924237290870077,0.9487800472608346,0.9788867082234923,0.9732699614956554,0.9039083282177204,0.9664927358297524,0.8283655229463386,0.9711627223900637,0.18759006697196637,6887,543
3,4,200,7,1,300,0.16300000000000026,0.3416090276552065,0.22199999999999953,0.9837359486057031,0.9355141494949419,0.9246872205649158,0.9788742777778761,0.16499999999999915,0.9924501217722295,0.9487949173298547,0.9790366301337481,0.9732738756907798,0.904391339869281,0.9665543300653594,0.8298760969644655,0.9711627223900637,0.1880000000000006,6889,544
3,4,200,7,2,0,0.1621713344273881,0.3420153021630324,0.22199999999999953,0.9843930365191299,0.9285986333369077,0.9259039001357597,0.9752426736042966,0.16499999999999915,0.9932030552366373,0.939688315942217,0.9807906332381379,0.9684613303689222,0.9005018674136321,0.9559407096171801,0.827109924725904,0.9602305269186714,0.18684680061059905,6968,476
3,4,200,7,2,100,0.16300000000000026,0.3416090276552065,0.22199999999999953,0.9837359486057031,0.9355141494949419,0.9246872205649158,0.9788742777778761,0.16499999999999915,0.9924501217722295,0.9487949173298547,0.9790366301337481,0.9732738756907798,0.904391339869281,0.9665543300653594,0.8298760969644655,0.9711627223900637,0.1880000000000006,6889,544
3,4,200,7,2,200,0.16299999999999848,0.3420153021630324,0.22199999999999953,0.983713082285806,0.9354997279696138,0.9244660060974896,0.9788742777778761,0.16499999999999915,0.9924237290870077,0.9487800472608346,0.9788867082234923,0.9732699614956554,0.9039083282177204,0.9664927358297524,0.8283655229463386,0.9711627223900637,0.18759006697196637,6887,543
3,4,200,7,2,300,0.16300000000000026,0.3416090276552065,0.22199999999999953,0.9837359486057031,0.9355141494949419,0.9246872205649158,0.9788742777778761,0.16499999999999915,0.9924501217722295,0.9487949173298547,0.9790366301337481,0.9732738756907798,0.904391339869281,0.9665543300653594,0.8298760969644655,0.9711627223900637,0.1880000000000006,6889,544
3,4,200,7,3,0,0.16300000000000026,0.3420153021630324,0.22199999999999953,0.9839815003213607,0.9334493830544442,0.925019042266055,0.9778419435965541,0.16499999999999915,0.9927404835390947,0.9460717860945267,0.9796189870752791,0.97190304097232,0.9044232804232804,0.9608994708994708,0.8300124823012146,0.9664732220483394,0.18799999999999883,6912,525
3,4,200,7,3,100,0.16300000000000026,0.3416090276552065,0.22199999999999953,0.9837359486057031,0.9355141494949419,0.9246872205649158,0.9788742777778761,0.16499999999999915,0.9924501217722295,0.9487949173298547,0.9790366301337481,0.9732738756907798,0.904391339869281,0.9665543300653594,0.8298760969644655,0.9711627223900637,0.1880000000000006,6889,544
3,4,200,7,3,200,0.16299999999999848,0.3420153021630324,0.22199999999999953,0.983713082285806,0.9354997279696138,0.9244660060974896,0.9788742777778761,0.16499999999999915,0.9924237290870077,0.9487800472608346,0.9788867082234923,0.9732699614956554,0.9039083282177204,0.9664927358297524,0.8283655229463386,0.9711627223900637,0.18759006697196637,6887,543
3,4,200,7,3,300,0.16300000000000026,0.3416090276552065,0.22199999999999953,0.9837359486057031,0.9355141494949419,0.9246872205649158,0.9788742777778761,0.16499999999999915,0.9924501217722295,0.9487949173298547,0.9790366301337481,0.9732738756907798,0.904391339869281,0.9665543300653594,0.8298760969644655,0.9711627223900637,0.1880000000000006,6889,544
3,4,200,7,4,0,0.16300000000000026,0.3420153021630324,0.22199999999999953,0.9838189305268487,0.9349915158918721,0.9246872205649158,0.9785977596935933,0.16499999999999915,0.9925522999065209,0.9481067864063488,0.979179619764207,0.972903822069762,0.9043865094144424,0.9651872542933995,0.829324122615407,0.9700454468229697,0.18892340030529978,6894,537
3,4,200,7,4,100,0.16300000000000026,0.3416090276552065,0.22199999999999953,0.9837359486057031,0.9355141494949419,0.9246872205649158,0.9788742777778761,0.16499999999999915,0.9924501217722295,0.9487949173298547,0.9790366301337481,0.9732738756907798,0.904391339869281,0.9665543300653594,0.8298760969644655,0.9711627223900637,0.1880000000000006,6889,544
3,4,200,7,4,200,0.16299999999999848,0.3420153021630324,0.22199999999999953,0.983713082285806,0.9354997279696138,0.9244660060974896,0.9788742777778761,0.16499999999999915,0.9924237290870077,0.9487800472608346,0.9788867082234923,0.9732699614956554,0.9039083282177204,0.9664927358297524,0.8283655229463386,0.9711627223900637,0.18759006697196637,6887,543
3,4,200,7,4,300,0.16300000000000026,0.3416090276552065,0.22199999999999953,0.9837359486057031,0.9355141494949419,0.9246872205649158,0.9788742777778761,0.16499999999999915,0.9924501217722295,0.9487949173298547,0.9790366301337481,0.9732738756907798,0.904391339869281,0.9665543300653594,0.8298760969644655,0.9711627223900637,0.1880000000000006,6889,544
3,4,200,7,5,0,0.16300000000000026,0.3420153021630324,0.22199999999999953,0.9837149032739225,0.9353951327406368,0.9244660060974896,0.9788189741610195,0.16499999999999954,0.9924248290101948,0.9486423033515343,0.9788867082234923,0.9731967336104768,0.9037310373103731,0.9664309143091431,0.8281058641308262,0.971119095646327,0.1880000000000006,6888,542
3,4,200,7,5,100,0.16300000000000026,0.3416090276552065,0.22199999999999953,0.9837359486057031,0.9355141494949419,0.9246872205649158,0.9788742777778761,0.16499999999999915,0.9924501217722295,0.9487949173298547,0.9790366301337481,0.9732738756907798,0.904391339869281,0.9665543300653594,0.8298760969644655,0.9711627223900637,0.1880000000000006,6889,544
3,4,200,7,5,200,0.16299999999999848,0.3420153021630324,0.22199999999999953,0.983713082285806,0.9354997279696138,0.9244660060974896,0.9788742777778761,0.16499999999999915,0.9924237290870077,0.9487800472608346,0.9788867082234923,0.9732699614956554,0.9039083282177204,0.9664927358297524,0.8283655229463386,0.9711627223900637,0.18759006697196637,6887,543
3,4,200,7,5,300,0.16300000000000026,0.3416090276552065,0.22199999999999953,0.9837359486057031,0.9355141494949419,0.9246872205649158,0.9788742777778761,0.16499999999999915,0.9924501217722295,0.9487949173298547,0.9790366301337481,0.9732738756907798,0.904391339869281,0.9665543300653594,0.8298760969644655,0.9711627223900637,0.1880000000000006,6889,544
3,4,200,7,6,0,0.16299999999999848,0.3420153021630324,0.22199999999999953,0.983713082285806,0.9354997279696138,0.9244660060974896,0.9788742777778761,0.16499999999999915,0.9924237290870077,0.9487800472608346,0.9788867082234923,0.9732699614956554,0.9039083282177204,0.9664927358297524,0.8283655229463386,0.9711627223900637,0.18759006697196637,6887,543
3,4,200,7,6,100,0.16300000000000026,0.3416090276552065,0.22199999999999953,0.9837359486057031,0.9355141494949419,0.9246872205649158,0.9788742777778761,0.16499999999999915,0.9924501217722295,0.9487949173298547,0.9790366301337481,0.9732738756907798,0.904391339869281,0.9665543300653594,0.8298760969644655,0.9711627223900637,0.1880000000000006,6889,544
3,4,200,7,6,200,0.16299999999999848,0.3420153021630324,0.22199999999999953,0.983713082285806,0.9354997279696138,0.9244660060974896,0.9788742777778761,0.16499999999999915,0.9924237290870077,0.9487800472608346,0.9788867082234923,0.9732699614956554,0.9039083282177204,0.9664927358297524,0.8283655229463386,0.9711627223900637,0.18759006697196637,6887,543
3,4,200,7,6,300,0.16300000000000026,0.3416090276552065,0.22199999999999953,0.9837359486057031,0.9355141494949419,0.9246872205649158,0.9788742777778761,0.16499999999999915,0.9924501217722295,0.9487949173298547,0.9790366301337481,0.9732738756907798,0.904391339869281,0.9665543300653594,0.8298760969644655,0.9711627223900637,0.1880000000000006,6889,544
3,4,200,8,1,0,0.16300000000000145,0.3420153021630324,0.22199999999999953,0.9850395165085652,0.9139441612816547,0.9267150198496555,0.9675739054001893,0.16500000000000092,0.993843190467278,0.9205616955107668,0.9818646422207584,0.9583070636241457,0.869460978835979,0.9459325396825398,0.7853782642089094,0.9460925499231951,0.197308080366361,7124,336
3,4,200,8,1,100,0.16300000000000026,0.3416090276552065,0.22199999999999953,0.9816250489241334,0.9364088594793539,0.9205394493006751,0.9793351412516808,0.16600000000000037,0.9897659536455035,0.9500517089666605,0.9735453429760383,0.973884018708303,0.8803228869895535,0.9697530864197531,0.7971324002574002,0.9742023273273273,0.1960000000000015,6841,585
3,4,200,8,1,200,0.16300000000000026,0.3420153021630324,0.22199999999999953,0.9816015845848187,0.9363945613027332,0.9203182348332489,0.9793351412516808,0.16600000000000037,0.9897385907621322,0.9500371020676889,0.9733946168350918,0.9738801938721443,0.8798325722983257,0.9697012937595129,0.7957810489060488,0.9742023273273273,0.19600000000000048,6839,584
3,4,200,8,1,300,0.16300000000000026,0.3416090276552065,0.22199999999999953,0.9816250489241334,0.9364088594793539,0.9205394493006751,0.9793351412516808,0.16600000000000037,0.9897659536455035,0.9500517089666605,0.9735453429760383,0.973884018708303,0.8803228869895535,0.9697530864197531,0.7971324002574002,0.9742023273273273,0.1960000000000015,6841,585
3,4,200,8,2,0,0.16299999999999848,0.3420153021630324,0.22199999999999953,0.9826001960543828,0.9291419848524122,0.922364468656941,0.9755376262275314,0.16499999999999915,0.9909278234794182,0.9404553113222739,0.9761040485867027,0.9688518790898751,0.876500764025322,0.9597795241213708,0.7950200559358209,0.9634531169500257,0.19859006697196563,6929,509
3,4,200,8,2,100,0.16300000000000026,0.3416090276552065,0.22199999999999953,0.9816250489241334,0.9364088594793539,0.9205394493006751,0.9793351412516808,0.16600000000000037,0.9897659536455035,0.9500517089666605,0.9735453429760383,0.973884018708303,0.8803228869895535,0.9697530864197531,0.7971324002574002,0.9742023273273273,0.1960000000000015,6841,585
3,4,200,8,2,200,0.16300000000000026,0.3420153021630324,0.22199999999999953,0.9816015845848187,0.9363945613027332,0.9203182348332489,0.9793351412516808,0.16600000000000037,0.9897385907621322,0.9500371020676889,0.9733946168350918,0.9738801938721443,0.8798325722983257,0.9697012937595129,0.7957810489060488,0.9742023273273273,0.19600000000000048,6839,584
3,4,200,8,2,300,0.16300000000000026,0.3416090276552065,0.22199999999999953,0.9816250489241334,0.9364088594793539,0.9205394493006751,0.9793351412516808,0.16600000000000037,0.9897659536455035,0.9500517089666605,0.9735453429760383,0.973884018708303,0.8803228869895535,0.9697530864197531,0.7971324002574002,0.9742023273273273,0.1960000000000015,6841,585
3,4,200,8,3,0,0.16300000000000026,0.3420153021630324,0.22199999999999953,0.9819935098500294,0.9343453959636643,0.9210924854692405,0.9783028070703588,0.16500000000000092,0.990215878564262,0.9473206730324678,0.9744198072275931,0.9725132733488089,0.880890464933018,0.9644897557131599,0.7978653242503172,0.9699528595917095,0.19642340030529967,6866,564
3,4,200,8,3,100,0.16300000000000026,0.3416090276552065,0.22199999999999953,0.9816250489241334,0.9364088594793539,0.9205394493006751,0.9793351412516808,0.16600000000000037,0.9897659536455035,0.9500517089666605,0.9735453429760383,0.973884018708303,0.8803228869895535,0.9697530864197531,0.7971324002574002,0.9742023273273273,0.1960000000000015,6841,585
3,4,200,8,3,200,0.16300000000000026,0.3420153021630324,0.22199999999999953,0.9816015845848187,0.9363945613027332,0.9203182348332489,0.9793351412516808,0.16600000000000037,0.9897385907621322,0.9500371020676889,0.9733946168350918,0.9738801938721443,0.8798325722983257,0.9697012937595129,0.7957810489060488,0.9742023273273273,0.19600000000000048,6839,584
3,4,200,8,3,300,0.16300000000000026,0.3416090276552065,0.22199999999999953,0.9816250489241334,0.9364088594793539,0.9205394493006751,0.9793351412516808,0.16600000000000037,0.9897659536455035,0.9500517089666605,0.9735453429760383,0.973884018708303,0.8803228869895535,0.9697530864197531,0.7971324002574002,0.9742023273273273,0.1960000000000015,6841,585
3,4,200,8,4,0,0.16300000000000026,0.341616078045727,0.22199999999999953,0.9817304386029386,0.9358901070187366,0.9206500565343881,0.979058623167398,0.16600000000000037,0.9898966295052173,0.9493652316402693,0.9738339841461637,0.9735140544462509,0.880315263360246,0.9685217224144561,0.7973706924630317,0.9732007143942848,0.19699999999999918,6847,578
3,4,200,8,4,100,0.16300000000000026,0.3420153021630324,0.22199999999999953,0.9816015845848187,0.9363945613027332,0.9203182348332489,0.9793351412516808,0.16600000000000037,0.9897385907621322,0.9500371020676889,0.9733946168350918,0.9738801938721443,0.8798325722983257,0.9697012937595129,0.7957810489060488,0.9742023273273273,0.19600000000000048,6839,584
3,4,200,8,4,200,0.16300000000000026,0.341616078045727,0.22199999999999953,0.9816223877640096,0.9364017111946732,0.920428842066962,0.9793351412516808,0.16600000000000037,0.989764457439896,0.9500444065849305,0.9735410726054491,0.9738801938721443,0.8801179604261795,0.9697012937595129,0.7968578838842708,0.9741674184333182,0.19600000000000045,6840,584
3,4,200,8,4,300,0.16300000000000026,0.3420153021630324,0.22199999999999953,0.9816015845848187,0.9363945613027332,0.9203182348332489,0.9793351412516808,0.16600000000000037,0.9897385907621322,0.9500371020676889,0.9733946168350918,0.9738801938721443,0.8798325722983257,0.9697012937595129,0.7957810489060488,0.9742023273273273,0.19600000000000048,6839,584
3,4,200,8,5,0,0.16300000000000026,0.341616078045727,0.22199999999999953,0.9816244533605293,0.9362964620420156,0.920428842066962,0.9792798376348242,0.16600000000000037,0.9897659536455035,0.9499055315072247,0.9735410726054491,0.9738069659869656,0.879912330855727,0.9696493234229083,0.7965826235643308,0.9741324149352604,0.19699999999999918,6841,583
3,4,200,8,5,100,0.16300000000000026,0.3420153021630324,0.22199999999999953,0.9816015845848187,0.9363945613027332,0.9203182348332489,0.9793351412516808,0.16600000000000037,0.9897385907621322,0.9500371020676889,0.9733946168350918,0.9738801938721443,0.8798325722983257,0.9697012937595129,0.7957810489060488,0.9742023273273273,0.19600000000000048,6839,584
3,4,200,8,5,200,0.16300000000000026,0.341616078045727,0.22199999999999953,0.9816223877640096,0.9364017111946732,0.920428842066962,0.9793351412516808,0.16600000000000037,0.989764457439896,0.9500444065849305,0.9735410726054491,0.9738801938721443,0.8801179604261795,0.9697012937595129,0.7968578838842708,0.9741674184333182,0.19600000000000045,6840,584
3,4,200,8,5,300,0.16300000000000026,0.3420153021630324,0.22199999999999953,0.9816015845848187,0.9363945613027332,0.9203182348332489,0.9793351412516808,0.16600000000000037,0.9897385907621322,0.9500371020676889,0.9733946168350918,0.9738801938721443,0.8798325722983257,0.9697012937595129,0.7957810489060488,0.9742023273273273,0.19600000000000048,6839,584
3,4,200,8,6,0,0.16300000000000026,0.341616078045727,0.22199999999999953,0.9816223877640096,0.9364017111946732,0.920428842066962,0.9793351412516808,0.16600000000000037,0.989764457439896,0.9500444065849305,0.9735410726054491,0.9738801938721443,0.8801179604261795,0.9697012937595129,0.7968578838842708,0.9741674184333182,0.19600000000000045,6840,584
3,4,200,8,6,100,0.16300000000000026,0.3420153021630324,0.22199999999999953,0.9816015845848187,0.9363945613027332,0.9203182348332489,0.9793351412516808,0.16600000000000037,0.9897385907621322,0.9500371020676889,0.9733946168350918,0.9738801938721443,0.8798325722983257,0.9697012937595129,0.7957810489060488,0.9742023273273273,0.19600000000000048,6839,584
3,4,200,8,6,200,0.16300000000000026,0.341616078045727,0.22199999999999953,0.9816223877640096,0.9364017111946732,0.920428842066962,0.9793351412516808,0.16600000000000037,0.989764457439896,0.9500444065849305,0.9735410726054491,0.9738801938721443,0.8801179604261795,0.9697012937595129,0.7968578838842708,0.9741674184333182,0.19600000000000045,6840,584
3,4,200,8,6,300,0.16300000000000026,0.3420153021630324,0.22199999999999953,0.9816015845848187,0.9363945613027332,0.9203182348332489,0.9793351412516808,0.16600000000000037,0.9897385907621322,0.9500371020676889,0.9733946168350918,0.9738801938721443,0.8798325722983257,0.9697012937595129,0.7957810489060488,0.9742023273273273,0.19600000000000048,6839,584
3,4,200,9,1,0,0.16300000000000026,0.341616078045727,0.22199999999999953,0.9842296294752769,0.9141119066425395,0.9251480840387202,0.9676292090170459,0.1659999999999986,0.9928200678517268,0.9207937974980586,0.979789852140696,0.9583802915093245,0.8554453887315078,0.9438149197355997,0.7697156652360515,0.9440718884120172,0.20399999999999957,7107,353
3,4,200,9,1,100,0.16300000000000026,0.3420153021630324,0.22199999999999953,0.9801556916721552,0.936989799411717,0.917377925870376,0.9795932247970112,0.16600000000000037,0.9878976419099875,0.9508823840448154,0.969501334273092,0.9742219240029782,0.8658885269634455,0.9662360350471099,0.7771325635517365,0.9730225479755554,0.20000000000000034,6804,614
3,4,200,9,1,200,0.16300000000000026,0.341616078045727,0.22199999999999953,0.9801767401965876,0.9369969103699145,0.9174885331040891,0.9795932247970112,0.16600000000000037,0.9879239121560945,0.9508896019163738,0.9696477900434494,0.9742219240029782,0.8661599710459645,0.9662360350471099,0.778107635777021,0.9729886992277205,0.20000000000000032,6805,614
3,4,200,9,1,300,0.16300000000000026,0.3420153021630324,0.22199999999999953,0.9801556916721552,0.936989799411717,0.917377925870376,0.9795932247970112,0.16600000000000037,0.9878976419099875,0.9508823840448154,0.969501334273092,0.9742219240029782,0.8658885269634455,0.9662360350471099,0.7771325635517365,0.9730225479755554,0.20000000000000034,6804,614
3,4,200,9,2,0,0.16300000000000026,0.341616078045727,0.22199999999999953,0.9813177136930478,0.9294787020094812,0.9198020677425878,0.9756297989222924,0.16499999999999915,0.9892970422966075,0.9409382483918324,0.9727111565734239,0.968973925565173,0.8621994195688226,0.955873676489348,0.7768070337017327,0.9606866688707664,0.20199999999999996,6901,536
3,4,200,9,2,100,0.16300000000000026,0.3420153021630324,0.22199999999999953,0.9801556916721552,0.936989799411717,0.917377925870376,0.9795932247970112,0.16600000000000037,0.9878976419099875,0.9508823840448154,0.969501334273092,0.9742219240029782,0.8658885269634455,0.9662360350471099,0.7771325635517365,0.9730225479755554,0.20000000000000034,6804,614
3,4,200,9,2,200,0.16300000000000026,0.341616078045727,0.22199999999999953,0.9801767401965876,0.9369969103699145,0.9174885331040891,0.9795932247970112,0.16600000000000037,0.9879239121560945,0.9508896019163738,0.9696477900434494,0.9742219240029782,0.8661599710459645,0.9662360350471099,0.778107635777021,0.9729886992277205,0.20000000000000032,6805,614
3,4,200,9,2,300,0.16300000000000026,0.3420153021630324,0.22199999999999953,0.9801556916721552,0.936989799411717,0.917377925870376,0.9795932247970112,0.16600000000000037,0.9878976419099875,0.9508823840448154,0.969501334273092,0.9742219240029782,0.8658885269634455,0.9662360350471099,0.7771325635517365,0.9730225479755554,0.20000000000000034,6804,614
3,4,200,9,3,0,0.16300000000000026,0.341616078045727,0.22199999999999953,0.9806163586293922,0.934840227535187,0.9183180873569372,0.9785055869988326,0.16600000000000037,0.9884629141872338,0.9480251303835124,0.9707462083211296,0.9727817755944641,0.867041409031291,0.961707816260936,0.7796805245535715,0.9684655170495015,0.1999999999999993,6834,593
3,4,200,9,3,100,0.16300000000000026,0.3420153021630324,0.22199999999999953,0.9801556916721552,0.936989799411717,0.917377925870376,0.9795932247970112,0.16600000000000037,0.9878976419099875,0.9508823840448154,0.969501334273092,0.9742219240029782,0.8658885269634455,0.9662360350471099,0.7771325635517365,0.9730225479755554,0.20000000000000034,6804,614
3,4,200,9,3,200,0.16300000000000026,0.341616078045727,0.22199999999999953,0.9801767401965876,0.9369969103699145,0.9174885331040891,0.9795932247970112,0.16600000000000037,0.9879239121560945,0.9508896019163738,0.9696477900434494,0.9742219240029782,0.8661599710459645,0.9662360350471099,0.778107635777021,0.9729886992277205,0.20000000000000032,6805,614
3,4,200,9,3,300,0.16300000000000026,0.3420153021630324,0.22199999999999953,0.9801556916721552,0.936989799411717,0.917377925870376,0.9795932247970112,0.16600000000000037,0.9878976419099875,0.9508823840448154,0.969501334273092,0.9742219240029782,0.8658885269634455,0.9662360350471099,0.7771325635517365,0.9730225479755554,0.20000000000000034,6804,614
3,4,200,9,4,0,0.16300000000000026,0.341616078045727,0.22199999999999953,0.9803449575166643,0.9364899788913984,0.9177650511883718,0.9793167067127284,0.16600000000000037,0.9881337965001549,0.9502133775195838,0.9700139294693427,0.9738557845770849,0.8668131063518214,0.966435038510821,0.7786463060446542,0.9721916777984121,0.20000000000000107,6813,607
3,4,200,9,4,100,0.16300000000000026,0.3420153021630324,0.22199999999999953,0.9801556916721552,0.936989799411717,0.917377925870376,0.9795932247970112,0.16600000000000037,0.9878976419099875,0.9508823840448154,0.969501334273092,0.9742219240029782,0.8658885269634455,0.9662360350471099,0.7771325635517365,0.9730225479755554,0.20000000000000034,6804,614
3,4,200,9,4,200,0.16300000000000026,0.341616078045727,0.22199999999999953,0.9801767401965876,0.9369969103699145,0.9174885331040891,0.9795932247970112,0.16600000000000037,0.9879239121560945,0.9508896019163738,0.9696477900434494,0.9742219240029782,0.8661599710459645,0.9662360350471099,0.778107635777021,0.9729886992277205,0.20000000000000032,6805,614
3,4,200,9,4,300,0.16300000000000026,0.3420153021630324,0.22199999999999953,0.9801556916721552,0.936989799411717,0.917377925870376,0.9795932247970112,0.16600000000000037,0.9878976419099875,0.9508823840448154,0.969501334273092,0.9742219240029782,0.8658885269634455,0.9662360350471099,0.7771325635517365,0.9730225479755554,0.20000000000000034,6804,614
3,4,200,9,5,0,0.16300000000000026,0.341616078045727,0.22199999999999953,0.9801789770798874,0.936891178378223,0.9174885331040891,0.9795379211801546,0.16637241981539827,0.9879256864857806,0.9507498884867652,0.9696477900434494,0.9741486961177995,0.8659416349465289,0.9661809551695358,0.7778288765254845,0.9729547654327805,0.20000000000000107,6806,613
3,4,200,9,5,100,0.16300000000000026,0.3420153021630324,0.22199999999999953,0.9801556916721552,0.936989799411717,0.917377925870376,0.9795932247970112,0.16600000000000037,0.9878976419099875,0.9508823840448154,0.969501334273092,0.9742219240029782,0.8658885269634455,0.9662360350471099,0.7771325635517365,0.9730225479755554,0.20000000000000034,6804,614
3,4,200,9,5,200,0.16300000000000026,0.341616078045727,0.22199999999999953,0.9801767401965876,0.9369969103699145,0.9174885331040891,0.9795932247970112,0.16600000000000037,0.9879239121560945,0.9508896019163738,0.9696477900434494,0.9742219240029782,0.8661599710459645,0.9662360350471099,0.778107635777021,0.9729886992277205,0.20000000000000032,6805,614
3,4,200,9,5,300,0.16300000000000026,0.3420153021630324,0.22199999999999953,0.9801556916721552,0.936989799411717,0.917377925870376,0.9795932247970112,0.16600000000000037,0.9878976419099875,0.9508823840448154,0.969501334273092,0.9742219240029782,0.8658885269634455,0.9662360350471099,0.7771325635517365,0.9730225479755554,0.20000000000000034,6804,614
3,4,200,9,6,0,0.16300000000000026,0.341616078045727,0.22199999999999953,0.9801767401965876,0.9369969103699145,0.9174885331040891,0.9795932247970112,0.16600000000000037,0.9879239121560945,0.9508896019163738,0.9696477900434494,0.9742219240029782,0.8661599710459645,0.9662360350471099,0.778107635777021,0.9729886992277205,0.20000000000000032,6805,614
3,4,200,9,6,100,0.16300000000000026,0.3420153021630324,0.22199999999999953,0.9801556916721552,0.936989799411717,0.917377925870376,0.9795932247970112,0.16600000000000037,0.9878976419099875,0.9508823840448154,0.969501334273092,0.9742219240029782,0.8658885269634455,0.9662360350471099,0.7771325635517365,0.9730225479755554,0.20000000000000034,6804,614
3,4,200,9,6,200,0.16300000000000026,0.341616078045727,0.22199999999999953,0.9801767401965876,0.9369969103699145,0.9174885331040891,0.9795932247970112,0.16600000000000037,0.9879239121560945,0.9508896019163738,0.9696477900434494,0.9742219240029782,0.8661599710459645,0.9662360350471099,0.778107635777021,0.9729886992277205,0.20000000000000032,6805,614
3,4,200,9,6,300,0.16300000000000026,0.3420153021630324,0.22199999999999953,0.9801556916721552,0.936989799411717,0.917377925870376,0.9795932247970112,0.16600000000000037,0.9878976419099875,0.9508823840448154,0.969501334273092,0.9742219240029782,0.8658885269634455,0.9662360350471099,0.7771325635517365,0.9730225479755554,0.20000000000000034,6804,614
